BilledCost,ChargeCategory,ChargePeriodStart,ChargePeriodEnd,BillingCurrency,ContractedCost,EffectiveCost,ListCost,ResourceId,ServiceName,SubAccountId,Tags,RegionId
8,Usage,2026-08-01T00:00:00Z,2026-08-02T00:00:00Z,USD,9,8,10,i-0001,Amazon Elastic Compute Cloud,111111111111,"{""user:Stack"":""core"",""user:Env"":""prod"",""user:Block"":""api""}",us-east-1
4,Usage,2026-08-01T00:00:00Z,2026-08-02T00:00:00Z,USD,4.5,4,5,i-0002,Amazon Elastic Compute Cloud,111111111111,"{""user:Stack"":""core"",""user:Env"":""prod"",""user:Block"":""api""}",us-east-1
2,Usage,2026-08-02T00:00:00Z,2026-08-03T00:00:00Z,USD,2,2,2,arn:aws:s3:::assets,Amazon Simple Storage Service,111111111111,{},us-east-1
3,Usage,2026-08-02T00:00:00Z,2026-08-03T00:00:00Z,USD,3,3,3,,AWS Support (Business),222222222222,"{""Stack"":""core"",""Env"":""dev""}",
1,Tax,2026-08-02T00:00:00Z,2026-08-03T00:00:00Z,USD,1,1,1,,Tax,111111111111,,
100,Purchase,2026-08-03T00:00:00Z,2026-08-04T00:00:00Z,USD,0,0,0,,Amazon Elastic Compute Cloud,111111111111,"{""user:Stack"":""core"",""user:Env"":""prod""}",us-east-1
4,Usage,2026-08-03T00:00:00Z,2026-08-04T00:00:00Z,USD,4,4,4,cr-0001,Amazon Elastic Compute Cloud,111111111111,{},us-east-1
1,Usage,2026-08-03T00:00:00Z,2026-08-04T00:00:00Z,USD,1,1,1,cr-0001,Amazon Elastic Compute Cloud,111111111111,{},us-east-1
7,Usage,2026-08-03T00:00:00Z,2026-08-04T00:00:00Z,EUR,7,7,7,E1ABC,Amazon CloudFront,333333333333,{},
